{
    "Accuracy": 0.9867483296213808,
    "Precision": 0.9866787126134202,
    "Recall": 0.9867664555884819,
    "F1-macro": 0.9867215870237118,
    "ROC-AUC": 0.9989091178777018
}